"1";"爱派尔";"iPh-800";"3"
"2";"爱派尔";"IPH8";"2"
"3";"瑞米";"X7";"1"
"4";"瑞高";"78P01";"1"
"5";"白米";"BM001";"1"
"6";"白米";"BM002";"3"
"7";"百立丰";"百利丰 W2";"1"
"8";"百立丰";"T2";"10"
"9";"百立丰";"T5";"1"
"10";"百立丰";"T708";"6"
"11";"百加";"V6";"3"
"12";"碟米";"V015-M66";"1"
"13";"神舟";"X50TS";"3"
"14";"米奇";"M228-M51";"1"
"15";"米奇";"M6-M7";"6"
"16";"米歌";"201";"1"
"17";"米歌";"210R";"2"
"18";"糖葫芦";"T200";"1"
"19";"糯米";"3S";"2"
"20";"索尼";"X10i";"1"
"21";"索尼";"Xperia acro S";"1"
"22";"索尼";"Xperia C";"21"
"23";"索尼";"Xperia C3";"16"
"24";"索尼";"Xperia ion";"1"
"25";"索尼";"Xperia J";"1"
"26";"索尼";"Xperia P";"3"
"27";"索尼";"Xperia S";"13"
"28";"索尼";"Xperia SL";"4"
"29";"索尼";"Xperia SP";"3"
"30";"索尼";"Xperia T";"1"
"31";"索尼";"Xperia T2 Ultra";"11"
"32";"索尼";"Xperia TX";"7"
"33";"索尼";"Xperia Z";"57"
"34";"索尼";"Xperia Z Ultra";"14"
"35";"索尼";"Xperia Z1";"52"
"36";"索尼";"Xperia Z1 炫彩版";"7"
"37";"索尼";"Xperia Z2";"94"
"38";"索尼";"Xperia Z3";"25"
"39";"索尼";"Xperia Z3 Compact";"2"
"40";"索尼";"Xperia Z3 mini";"6"
"41";"索尼";"Xperia Z3+ Dual";"3"
"42";"索尼";"Xperia Z5";"5"
"43";"索尼";"Xperia Z5 Premium";"2"
"44";"索尼";"Xperia ZL";"4"
"45";"索尼";"Xperia ZR ";"1"
"46";"纽曼";"纽扣";"34"
"47";"维图";"GT7";"2"
"48";"维图";"VT868";"1"
"49";"维图";"VT888";"2"
"50";"美图";"2";"7"
"51";"美图";"M4";"30"
"52";"美图";"M4s";"1"
"53";"美图";"MK260";"2"
"54";"美图";"V4";"8"
"55";"E派";"T7";"1"
"56";"E派";"U5482";"2"
"57";"E派";"大Q Note";"2"
"58";"E人E本";"T9";"1"
"59";"聆韵";"小苹果";"11"
"60";"联想";"A2580";"12"
"61";"联想";"A269i";"1"
"62";"联想";"A2800d";"14"
"63";"联想";"A2860";"2"
"64";"联想";"A298t";"1"
"65";"联想";"A3000-H";"4"
"66";"联想";"A318t";"2"
"67";"联想";"A320t";"37"
"68";"联想";"A3300-T";"4"
"69";"联想";"A330e";"2"
"70";"联想";"A338t";"2"
"71";"联想";"A355e";"5"
"72";"联想";"A356";"1"
"73";"联想";"A3600d";"8"
"74";"联想";"A360t";"22"
"75";"联想";"A366t";"1"
"76";"联想";"A368t";"4"
"77";"联想";"A376";"1"
"78";"联想";"A378t";"1"
"79";"联想";"A3800d";"45"
"80";"联想";"A380t";"9"
"81";"联想";"A385e";"1"
"82";"联想";"A388t";"1"
"83";"联想";"A3890";"1"
"84";"联想";"A390";"1"
"85";"联想";"A3900";"10"
"86";"联想";"A390t";"3"
"87";"联想";"A398t";"1"
"88";"联想";"A398t+";"3"
"89";"联想";"A399";"4"
"90";"联想";"A516";"1"
"91";"联想";"A560";"1"
"92";"联想";"A5800-D";"21"
"93";"联想";"A628t";"5"
"94";"联想";"A630t";"3"
"95";"联想";"A658t";"1"
"96";"联想";"A670t";"6"
"97";"联想";"A678t";"7"
"98";"联想";"A680";"3"
"99";"联想";"A6800";"3"
"100";"联想";"A688t";"4"
"101";"联想";"A706";"3"
"102";"联想";"A708t";"24"
"103";"联想";"A750";"2"
"104";"联想";"A760";"1"
"105";"联想";"A766";"2"
"106";"联想";"A768t";"4"
"107";"联想";"A770e";"2"
"108";"联想";"A785e";"1"
"109";"联想";"A788t";"67"
"110";"联想";"A789";"3"
"111";"联想";"A798t";"3"
"112";"联想";"A8-50";"9"
"113";"联想";"A805e";"8"
"114";"联想";"A820";"13"
"115";"联想";"A820e";"5"
"116";"联想";"A820t";"30"
"117";"联想";"A828t";"5"
"118";"联想";"A830";"5"
"119";"联想";"A850";"26"
"120";"联想";"A850+";"9"
"121";"联想";"A858t";"15"
"122";"联想";"A860e";"1"
"123";"联想";"A880";"18"
"124";"联想";"A889";"2"
"125";"联想";"A890e";"12"
"126";"联想";"联想黄金斗士S8";"74"
"127";"联想";"联想VIBE X2";"2"
"128";"联想";"设备品类为：平板";"1"
"129";"联想";"黄金斗士A8";"140"
"130";"联想";"黄金斗士青春版";"2"
"131";"联想";"黄金斗士Note8";"24"
"132";"联想";"黄金斗士S8畅玩版";"3"
"133";"联想";"IdeaTab A1000-T";"1"
"134";"联想";"IdeaTab A1010-T";"1"
"135";"联想";"IdeaTab A5000-E";"2"
"136";"联想";"K80";"6"
"137";"联想";"K860";"1"
"138";"联想";"K860i";"13"
"139";"联想";"K900";"3"
"140";"联想";"P1c58";"3"
"141";"联想";"P70";"15"
"142";"联想";"P700";"1"
"143";"联想";"P700i";"1"
"144";"联想";"P770";"8"
"145";"联想";"P780";"5"
"146";"联想";"PHAB";"1"
"147";"联想";"PHAB Plus";"1"
"148";"联想";"S5000";"3"
"149";"联想";"S60t";"7"
"150";"联想";"S650";"2"
"151";"联想";"S658t";"14"
"152";"联想";"S660";"1"
"153";"联想";"S668t";"1"
"154";"联想";"S686";"1"
"155";"联想";"S696";"1"
"156";"联想";"S720";"3"
"157";"联想";"S720i";"3"
"158";"联想";"S810t";"19"
"159";"联想";"S820";"6"
"160";"联想";"s820e";"1"
"161";"联想";"S850";"7"
"162";"联想";"S850t";"16"
"163";"联想";"S856";"3"
"164";"联想";"S858t";"3"
"165";"联想";"S860e";"3"
"166";"联想";"S868t";"6"
"167";"联想";"S870e";"1"
"168";"联想";"S880";"2"
"169";"联想";"S890";"6"
"170";"联想";"S898t";"29"
"171";"联想";"S90-e";"1"
"172";"联想";"S90-t";"12"
"173";"联想";"S90-u";"2"
"174";"联想";"S920";"8"
"175";"联想";"S938t";"5"
"176";"联想";"S939";"3"
"177";"联想";"S960";"6"
"178";"联想";"TAB 2 A7-30";"2"
"179";"联想";"TAB A10-80";"1"
"180";"联想";"Tab2 A7-10F";"2"
"181";"联想";"VIBE P1";"7"
"182";"联想";"Vibe Shot";"16"
"183";"联想";"VIBE X";"8"
"184";"联想";"VIBE X2";"29"
"185";"联想";"VIBE Z";"8"
"186";"联想";"VIBE Z2";"13"
"187";"联想";"Vibe Z2 Pro";"7"
"188";"联想";"YOGA Tablet B6000";"1"
"189";"联想";"乐檬3";"6"
"190";"联想";"乐檬K3";"107"
"191";"联想";"乐檬K3 Note";"140"
"192";"联想";"乐檬K31";"2"
"193";"联想";"乐檬X3";"2"
"194";"邦华";"TL1000";"1"
"195";"邦华";"U11";"1"
"196";"邦华";"U7";"2"
"197";"邦华";"V9";"2"
"198";"邦华";"V95";"1"
"199";"邦华";"V95 Pro";"1"
"200";"酷珀";"L128";"2"
"201";"酷珀";"L168";"2"
"202";"酷珀";"L7";"2"
"203";"酷比";"H1";"1"
"204";"酷比";"H1S";"1"
"205";"酷比";"H2";"7"
"206";"酷比";"H3";"4"
"207";"酷比";"H6";"2"
"208";"酷比";"H7";"2"
"209";"酷比";"M1";"5"
"210";"酷比";"MAX3";"2"
"211";"酷比";"MUSE";"1"
"212";"酷比";"S1";"3"
"213";"酷比";"S2";"8"
"214";"酷比";"S3";"3"
"215";"酷比";"S5";"1"
"216";"酷比";"S6";"3"
"217";"酷比魔方";"TALK 7X四核";"3"
"218";"酷比魔方";"U25GT";"2"
"219";"酷比魔方";"U51GT-W";"2"
"220";"酷比魔方";"U55GT";"1"
"221";"酷比魔方";"U59GT";"1"
"222";"酷派";"5200";"1"
"223";"酷派";"5200S";"1"
"224";"酷派";"5216D";"3"
"225";"酷派";"5217";"4"
"226";"酷派";"5219";"2"
"227";"酷派";"5261";"1"
"228";"酷派";"5263";"7"
"229";"酷派";"5263S";"3"
"230";"酷派";"5311";"2"
"231";"酷派";"5313S";"1"
"232";"酷派";"5316";"2"
"233";"酷派";"5360";"15"
"234";"酷派";"5860S";"1"
"235";"酷派";"5872";"2"
"236";"酷派";"5876";"2"
"237";"酷派";"5890";"8"
"238";"酷派";"5891";"8"
"239";"酷派";"5891Q";"10"
"240";"酷派";"5892";"10"
"241";"酷派";"5950";"10"
"242";"酷派";"5951";"18"
"243";"酷派";"5956";"3"
"244";"酷派";"7105";"2"
"245";"酷派";"7231";"1"
"246";"酷派";"7251";"2"
"247";"酷派";"7269";"1"
"248";"酷派";"7270";"2"
"249";"酷派";"7270-W00";"3"
"250";"酷派";"7275";"1"
"251";"酷派";"7295";"15"
"252";"酷派";"7295+";"7"
"253";"酷派";"7295A青春版";"1"
"254";"酷派";"7295C";"14"
"255";"酷派";"7296";"13"
"256";"酷派";"7296S";"3"
"257";"酷派";"7298D";"5"
"258";"酷派";"7320";"3"
"259";"酷派";"7372";"1"
"260";"酷派";"7605";"2"
"261";"酷派";"7620l";"21"
"262";"酷派";"8017";"2"
"263";"酷派";"8017-T00";"7"
"264";"酷派";"8021";"1"
"265";"酷派";"8076D";"1"
"266";"酷派";"8079";"1"
"267";"酷派";"8085";"3"
"268";"酷派";"8085q";"1"
"269";"酷派";"8089";"1"
"270";"酷派";"8105";"1"
"271";"酷派";"8122";"4"
"272";"酷派";"8150D";"2"
"273";"酷派";"8185";"1"
"274";"酷派";"8190Q";"7"
"275";"酷派";"8195";"3"
"276";"酷派";"8198T";"3"
"277";"酷派";"8295";"3"
"278";"酷派";"8702";"12"
"279";"酷派";"8702D";"3"
"280";"酷派";"8705";"18"
"281";"酷派";"8707";"2"
"282";"酷派";"8712";"9"
"283";"酷派";"8712S";"1"
"284";"酷派";"8713";"5"
"285";"酷派";"8715";"5"
"286";"酷派";"8717";"2"
"287";"酷派";"8720";"8"
"288";"酷派";"8720L";"54"
"289";"酷派";"8721";"9"
"290";"酷派";"8722";"2"
"291";"酷派";"8729";"20"
"292";"酷派";"8730L";"17"
"293";"酷派";"8732";"4"
"294";"酷派";"8736";"1"
"295";"酷派";"8750";"6"
"296";"酷派";"9190l";"53"
"297";"酷派";"9976A";"12"
"298";"酷派";"9976D";"3"
"299";"酷派";"炫影S+";"2"
"300";"酷派";"锋尚";"69"
"301";"酷派";"锋尚2";"7"
"302";"酷派";"锋尚Air";"2"
"303";"酷派";"锋尚Max";"19"
"304";"酷派";"锋尚mini";"1"
"305";"酷派";"锋尚Pro";"53"
"306";"酷派";"F2";"513"
"307";"酷派";"ivvi K1 mini";"12"
"308";"酷派";"ivvi S6";"2"
"309";"酷派";"ivvi 小骨Pro";"5"
"310";"酷派";"ivvi 小i";"23"
"311";"酷派";"ivvi 小i Plus";"1"
"312";"酷派";"K1";"15"
"313";"酷派";"S6";"11"
"314";"酷派";"S6-NT1";"1"
"315";"酷派";"T1";"22"
"316";"酷派";"Y1";"9"
"317";"酷派";"Y60-C1";"1"
"318";"酷派";"Y70-C";"7"
"319";"酷派";"Y80D";"23"
"320";"酷派";"全魔王手机";"1"
"321";"酷派";"大神1s";"12"
"322";"酷派";"大神F1";"286"
"323";"酷派";"大神F1Plus";"139"
"324";"酷派";"大神F2";"159"
"325";"酷派";"大神F2全高清版";"77"
"326";"酷派";"大神Note";"17"
"327";"酷派";"大神Note3";"173"
"328";"酷派";"大神X7";"49"
"329";"酷派";"大观4";"5"
"330";"酷派";"大观铂顿";"2"
"331";"酷派";"春雷HD";"2"
"332";"金立";"E3";"3"
"333";"金立";"E5";"3"
"334";"金立";"E6";"11"
"335";"金立";"E6T";"5"
"336";"金立";"E7";"4"
"337";"金立";"E8";"4"
"338";"金立";"ELIFE E3T";"5"
"339";"金立";"ELIFE E6 mini";"8"
"340";"金立";"ELIFE E7 Mini";"1"
"341";"金立";"ELIFE S5.5";"29"
"342";"金立";"金钢";"23"
"343";"金立";"风华3";"1"
"344";"金立";"F103";"134"
"345";"金立";"F103S";"7"
"346";"金立";"F301";"22"
"347";"金立";"F303";"15"
"348";"金立";"GN106";"1"
"349";"金立";"GN128";"1"
"350";"金立";"GN137";"5"
"351";"金立";"GN139";"4"
"352";"金立";"GN151";"23"
"353";"金立";"GN152";"8"
"354";"金立";"GN5001S";"4"
"355";"金立";"GN5002";"2"
"356";"金立";"GN700T";"1"
"357";"金立";"GN705T";"2"
"358";"金立";"GN706L";"2"
"359";"金立";"GN708T";"1"
"360";"金立";"GN708W";"2"
"361";"金立";"GN715";"4"
"362";"金立";"GN810";"1"
"363";"金立";"GN878";"1"
"364";"金立";"GN9002";"9"
"365";"金立";"M3";"16"
"366";"金立";"M3S";"2"
"367";"金立";"M5";"54"
"368";"金立";"M5 Plus";"25"
"369";"金立";"S5.1";"9"
"370";"金立";"S5.1Pro";"16"
"371";"金立";"S5.5L";"27"
"372";"金立";"S6";"52"
"373";"金立";"S7";"64"
"374";"金立";"V182";"6"
"375";"金立";"V183";"8"
"376";"金立";"V185";"8"
"377";"金立";"V188";"9"
"378";"金立";"V188S";"14"
"379";"金立";"W800";"1"
"380";"金立";"X805";"7"
"381";"金立";"X817";"5"
"382";"金立";"天鉴T1";"4"
"383";"金立";"天鉴W900";"7"
"384";"金立";"天鉴W900S";"5"
"385";"至尊宝";"L82";"1"
"386";"至尊宝";"LT416";"2"
"387";"至尊宝";"LT988";"2"
"388";"艾优尼";"i1";"7"
"389";"艾优尼";"U2";"7"
"390";"艾优尼";"U3";"27"
"391";"蓝魔";"Mos1";"3"
"392";"锤子";"T1";"125"
"393";"锤子";"T2";"6"
"394";"锤子";"坚果手机";"194"
"395";"长虹";"C03";"2"
"396";"长虹";"T03锋至版";"2"
"397";"长虹";"T11";"1"
"398";"青葱";"metal 标准版";"9"
"399";"青橙";"N1-Y";"2"
"400";"青橙";"N2";"3"
"401";"飞利浦";"V526";"1"
"402";"西米";"R5s plus";"2"
"403";"首云";"P1";"2"
"404";"魅族";"魅蓝";"112"
"405";"魅族";"魅蓝2";"417"
"406";"魅族";"魅蓝metal";"296"
"407";"魅族";"魅蓝NOTE";"762"
"408";"魅族";"魅蓝Note 2";"919"
"409";"魅族";"魅蓝Note3";"1"
"410";"魅族";"M030";"1"
"411";"魅族";"M031";"3"
"412";"魅族";"M032";"4"
"413";"魅族";"MX2";"106"
"414";"魅族";"MX3";"346"
"415";"魅族";"MX4";"571"
"416";"魅族";"MX4 Pro";"360"
"417";"魅族";"MX5";"555"
"418";"魅族";"PRO5";"119"
"419";"语信";"红辣椒";"36"
"420";"语信";"红辣椒 X1";"5"
"421";"语信";"红辣椒Note";"24"
"422";"语信";"红辣椒Note3";"1"
"423";"语信";"红辣椒NX Plus";"3"
"424";"语信";"红辣椒XM";"4"
"425";"语信";"红辣椒任性版 Plus";"7"
"426";"语信";"T50";"2"
"427";"语信";"小辣椒 4";"4"
"428";"语信";"小辣椒 6";"4"
"429";"语信";"小辣椒 7";"2"
"430";"语信";"小辣椒 M2";"1"
"431";"语信";"小辣椒 X3";"3"
"432";"语信";"小辣椒5 Pro";"1"
"433";"语信";"小辣椒S1";"4"
"434";"语信";"小辣椒X5";"1"
"435";"诺基亚";"N1";"4"
"436";"诺基亚";"X2";"2"
"437";"诺基亚";"XL";"9"
"438";"诺亚信";"M15";"1"
"439";"诺亚信";"M8";"1"
"440";"谷歌";"Nexus 7";"6"
"441";"鲜米";"s800";"2"
"442";"鲜米";"S970";"1"
"443";"贝尔丰";"BF A500";"4"
"444";"贝尔丰";"BF T18";"5"
"445";"贝尔丰";"BF T18 Plus";"2"
"446";"贝尔丰";"T12";"10"
"447";"贝尔丰";"T13";"1"
"448";"黑米";"A1";"1"
"449";"HTC";"603e";"2"
"450";"HTC";"606w";"4"
"451";"HTC";"608t";"1"
"452";"HTC";"802d";"8"
"453";"HTC";"802w";"23"
"454";"HTC";"Butterfly";"13"
"455";"HTC";"Butterfly s";"2"
"456";"HTC";"D516w";"2"
"457";"HTC";"Desire 310";"1"
"458";"HTC";"Desire 610";"1"
"459";"HTC";"Desire 610t";"8"
"460";"HTC";"Desire 616";"3"
"461";"HTC";"Desire 626";"15"
"462";"HTC";"Desire 7088";"2"
"463";"HTC";"Desire 816";"83"
"464";"HTC";"Desire 820";"73"
"465";"HTC";"Desire 820 Mini";"6"
"466";"HTC";"Desire 826";"17"
"467";"HTC";"Desire D316d";"1"
"468";"HTC";"Desire D516t";"3"
"469";"HTC";"G11";"6"
"470";"HTC";"M8";"13"
"471";"HTC";"M8St";"21"
"472";"HTC";"M8x";"2"
"473";"HTC";"One";"81"
"474";"HTC";"One A9";"2"
"475";"HTC";"One E8";"18"
"476";"HTC";"One E9";"7"
"477";"HTC";"One M8";"32"
"478";"HTC";"One M8 Eye";"5"
"479";"HTC";"One M9";"7"
"480";"HTC";"One M9+";"5"
"481";"HTC";"One M9e";"3"
"482";"HTC";"One max";"8"
"483";"HTC";"One ME";"5"
"484";"HTC";"One S";"2"
"485";"HTC";"One X";"10"
"486";"HTC";"One X9";"3"
"487";"HTC";"Sensation XE with Beats Audio Z715e";"1"
"488";"HTC";"T328w";"1"
"489";"HTC";"T329d";"1"
"490";"HTC";"T329t";"4"
"491";"HTC";"T528d";"2"
"492";"HTC";"T528t";"1"
"493";"HTC";"T528w";"1"
"494";"HTC";"X920e";"1"
"495";"HTC";"微客";"1"
"496";"HTC";"渴望HD";"1"
"497";"LG";"F240S";"2"
"498";"LG";"F320L";"5"
"499";"LG";"G Pro Lite Dual";"1"
"500";"LG";"G2";"31"
"501";"LG";"G2 Mini";"1"
"502";"LG";"G3";"45"
"503";"LG";"G4";"12"
"504";"LG";"L22";"6"
"505";"LG";"Nexus 4";"27"
"506";"LG";"Nexus 5";"31"
"507";"LG";"Optimus G Pro";"8"
"508";"LG";"Optimus G Pro 2";"2"
"509";"LG";"Optimus LTE";"2"
"510";"LG";"P880";"2"
"511";"LG";"VS980";"6"
"512";"LOGO";"M2";"1"
"513";"Lovme";"T9";"3"
"514";"OPPO";"1100";"6"
"515";"OPPO";"1105";"31"
"516";"OPPO";"1107";"81"
"517";"OPPO";"3000";"1"
"518";"OPPO";"3005";"9"
"519";"OPPO";"3007";"63"
"520";"OPPO";"6607";"59"
"521";"OPPO";"A11";"51"
"522";"OPPO";"A30";"7"
"523";"OPPO";"A31";"291"
"524";"OPPO";"A33";"141"
"525";"OPPO";"A51";"66"
"526";"OPPO";"A51kc";"9"
"527";"OPPO";"A53";"86"
"528";"OPPO";"Find 3";"1"
"529";"OPPO";"Find 5";"93"
"530";"OPPO";"Find 7";"264"
"531";"OPPO";"N1 Mini";"132"
"532";"OPPO";"N1T";"47"
"533";"OPPO";"N1W";"4"
"534";"OPPO";"N3";"62"
"535";"OPPO";"R1";"42"
"536";"OPPO";"R1C";"257"
"537";"OPPO";"R1S";"151"
"538";"OPPO";"R2010";"8"
"539";"OPPO";"R2017";"85"
"540";"OPPO";"R3";"180"
"541";"OPPO";"R5";"99"
"542";"OPPO";"R6007";"91"
"543";"OPPO";"R7";"814"
"544";"OPPO";"R7 Plus";"632"
"545";"OPPO";"R7s";"535"
"546";"OPPO";"R8000";"9"
"547";"OPPO";"R801";"1"
"548";"OPPO";"R809T";"11"
"549";"OPPO";"R815T";"15"
"550";"OPPO";"R817";"1"
"551";"OPPO";"R817T";"3"
"552";"OPPO";"R819T";"34"
"553";"OPPO";"R8205";"60"
"554";"OPPO";"R821T";"21"
"555";"OPPO";"R823T";"18"
"556";"OPPO";"R827T";"26"
"557";"OPPO";"R830";"2"
"558";"OPPO";"R830S";"3"
"559";"OPPO";"R831S";"89"
"560";"OPPO";"R831T";"22"
"561";"OPPO";"R833T";"8"
"562";"OPPO";"R850";"3"
"563";"OPPO";"R9";"12"
"564";"OPPO";"R9 Plus";"2"
"565";"OPPO";"T29";"1"
"566";"OPPO";"U705T";"16"
"567";"OPPO";"U707T";"29"
"568";"OPPO";"Ulike2";"1"
"569";"OPPO";"X907";"8"
"570";"PPTV";"King 7s";"1"
"571";"SUGAR";"2C";"1"
"572";"TCL";"302U";"1"
"573";"TCL";"idol X";"6"
"574";"TCL";"idol3";"1"
"575";"TCL";"J636D+";"1"
"576";"TCL";"J738M";"1"
"577";"TCL";"ono";"8"
"578";"TCL";"P301M";"7"
"579";"TCL";"P302C";"4"
"580";"TCL";"P308L";"4"
"581";"TCL";"P316L";"2"
"582";"TCL";"P318L";"1"
"583";"TCL";"P331M";"3"
"584";"TCL";"P332U";"1"
"585";"TCL";"P335M";"1"
"586";"TCL";"P360W";"4"
"587";"TCL";"P500M";"4"
"588";"TCL";"P501M";"1"
"589";"TCL";"P520L";"1"
"590";"TCL";"P596";"1"
"591";"TCL";"P688L";"1"
"592";"TCL";"S720";"1"
"593";"TCL";"S838M";"2"
"594";"TCL";"么么哒";"11"
"595";"TCL";"么么哒3N";"41"
"596";"TCL";"乐玩";"14"
"597";"TCL";"乐玩2C";"2"
"598";"vivo";"E3";"1"
"599";"vivo";"E5";"2"
"600";"vivo";"S11T";"9"
"601";"vivo";"S12";"1"
"602";"vivo";"S7";"4"
"603";"vivo";"S7I";"20"
"604";"vivo";"S7T";"2"
"605";"vivo";"S9";"8"
"606";"vivo";"S9T";"2"
"607";"vivo";"V1";"1"
"608";"vivo";"X1";"10"
"609";"vivo";"X1S";"4"
"610";"vivo";"X1ST";"27"
"611";"vivo";"X3F";"18"
"612";"vivo";"X3L";"236"
"613";"vivo";"X3S";"34"
"614";"vivo";"X3T";"111"
"615";"vivo";"X3V";"46"
"616";"vivo";"X5L";"142"
"617";"vivo";"X5M";"224"
"618";"vivo";"X5Max";"91"
"619";"vivo";"X5Max+";"224"
"620";"vivo";"X5Pro";"386"
"621";"vivo";"X5SL";"210"
"622";"vivo";"X5V";"100"
"623";"vivo";"X6";"77"
"624";"vivo";"X6 D";"258"
"625";"vivo";"X6 L";"33"
"626";"vivo";"X6 Plus";"70"
"627";"vivo";"X6 Plus D";"81"
"628";"vivo";"X710L";"117"
"629";"vivo";"Xplay";"113"
"630";"vivo";"Xplay3S";"151"
"631";"vivo";"Xplay5";"4"
"632";"vivo";"Xshot";"4"
"633";"vivo";"Y1";"1"
"634";"vivo";"Y11";"17"
"635";"vivo";"Y11IT";"16"
"636";"vivo";"Y11IW";"7"
"637";"vivo";"Y13";"44"
"638";"vivo";"Y13iL";"31"
"639";"vivo";"Y13L";"97"
"640";"vivo";"Y13T";"8"
"641";"vivo";"Y15";"22"
"642";"vivo";"Y17T";"87"
"643";"vivo";"Y17W";"20"
"644";"vivo";"Y18L";"41"
"645";"vivo";"Y19T";"16"
"646";"vivo";"Y20T";"46"
"647";"vivo";"Y22";"6"
"648";"vivo";"Y22IL";"16"
"649";"vivo";"Y22L";"21"
"650";"vivo";"Y23L";"170"
"651";"vivo";"Y27";"177"
"652";"vivo";"Y28L";"41"
"653";"vivo";"Y29L";"63"
"654";"vivo";"Y31";"4"
"655";"vivo";"Y33";"98"
"656";"vivo";"Y35";"102"
"657";"vivo";"Y37";"66"
"658";"vivo";"Y51";"93"
"659";"vivo";"Y613";"5"
"660";"vivo";"Y613F";"4"
"661";"vivo";"Y622";"6"
"662";"vivo";"Y623";"8"
"663";"vivo";"Y627";"7"
"664";"vivo";"Y628";"3"
"665";"vivo";"Y913";"31"
"666";"vivo";"Y923";"24"
"667";"vivo";"Y927";"36"
"668";"vivo";"Y928";"23"
"669";"vivo";"Y937";"17"
"670";"ZOYE";"V18";"1"
"671";"ZUK";"Z1";"105"
"672";"先锋";"K68w";"1"
"673";"先锋";"K88L";"1"
"674";"努比亚";"My 布拉格";"15"
"675";"努比亚";"X6";"1"
"676";"努比亚";"Z5";"1"
"677";"努比亚";"Z5 Mini";"6"
"678";"努比亚";"Z5S";"15"
"679";"努比亚";"Z5S Mini";"32"
"680";"努比亚";"Z7";"1"
"681";"努比亚";"Z7 Max";"50"
"682";"努比亚";"Z7 Mini";"68"
"683";"努比亚";"Z9";"21"
"684";"努比亚";"Z9 Max";"80"
"685";"努比亚";"Z9 mini";"126"
"686";"努比亚";"Z9 mini 精英版";"16"
"687";"华硕";"ASUS_Z00XSB";"1"
"688";"华硕";"飞马";"10"
"689";"华硕";"K012";"1"
"690";"华硕";"K016";"1"
"691";"华硕";"ME173X";"1"
"692";"华硕";"ME7510KG";"1"
"693";"华硕";"T00G";"1"
"694";"华硕";"ZenFone 2";"27"
"695";"华硕";"ZenFone 5";"5"
"696";"华硕";"ZenFone Max";"8"
"697";"华硕";"ZenFone Selfie";"1"
"698";"华为";"A199";"24"
"699";"华为";"Ascend G6";"26"
"700";"华为";"Ascend G7";"244"
"701";"华为";"Ascend G700";"28"
"702";"华为";"Ascend G700T";"9"
"703";"华为";"Ascend GX1";"14"
"704";"华为";"Ascend P1";"2"
"705";"华为";"Ascend P6";"146"
"706";"华为";"Ascend P7";"524"
"707";"华为";"Ascend P8";"561"
"708";"华为";"B199";"87"
"709";"华为";"C8812";"1"
"710";"华为";"C8813";"4"
"711";"华为";"C8813DQ";"3"
"712";"华为";"C8813Q";"11"
"713";"华为";"C8815";"19"
"714";"华为";"C8816";"36"
"715";"华为";"C8816D";"11"
"716";"华为";"C8817E";"35"
"717";"华为";"C8817L";"9"
"718";"华为";"C8818";"57"
"719";"华为";"畅享5";"129"
"720";"华为";"畅享5S";"122"
"721";"华为";"荣耀+";"5"
"722";"华为";"荣耀3C";"637"
"723";"华为";"荣耀3C畅玩版";"95"
"724";"华为";"荣耀3X";"80"
"725";"华为";"荣耀3X畅玩版";"431"
"726";"华为";"荣耀4A";"210"
"727";"华为";"荣耀6";"1469"
"728";"华为";"荣耀6 Plus";"1089"
"729";"华为";"荣耀7";"685"
"730";"华为";"荣耀7i";"204"
"731";"华为";"荣耀畅玩4";"255"
"732";"华为";"荣耀畅玩4C";"731"
"733";"华为";"荣耀畅玩4C运动版";"103"
"734";"华为";"荣耀畅玩4X";"1258"
"735";"华为";"荣耀畅玩5";"123"
"736";"华为";"荣耀畅玩5X";"308"
"737";"华为";"荣耀畅玩平板T1";"7"
"738";"华为";"荣耀U8860";"1"
"739";"华为";"荣耀V8";"1"
"740";"华为";"荣耀X2";"107"
"741";"华为";"荣耀平板T1-823L";"17"
"742";"华为";"麦芒3";"83"
"743";"华为";"麦芒3S";"33"
"744";"华为";"麦芒4";"272"
"745";"华为";"G309T";"1"
"746";"华为";"G510";"8"
"747";"华为";"G520-0000";"3"
"748";"华为";"G520-5000";"9"
"749";"华为";"G520-T10";"3"
"750";"华为";"G521";"4"
"751";"华为";"G525";"1"
"752";"华为";"G6-C00";"9"
"753";"华为";"G6-U00";"4"
"754";"华为";"G606";"2"
"755";"华为";"G610C";"6"
"756";"华为";"G610S";"55"
"757";"华为";"G610T";"71"
"758";"华为";"G616-L076";"3"
"759";"华为";"G620-L75";"43"
"760";"华为";"G628";"20"
"761";"华为";"G629";"6"
"762";"华为";"G630";"2"
"763";"华为";"G660-L075";"18"
"764";"华为";"G7 Plus";"41"
"765";"华为";"G716";"8"
"766";"华为";"G730-C00";"8"
"767";"华为";"G730-L075";"8"
"768";"华为";"G730-T00";"18"
"769";"华为";"G730-U00";"20"
"770";"华为";"G750-T20";"43"
"771";"华为";"HN3-U01";"17"
"772";"华为";"m310";"1"
"773";"华为";"M311";"1"
"774";"华为";"Mate";"14"
"775";"华为";"Mate 2";"70"
"776";"华为";"Mate 7";"1286"
"777";"华为";"Mate 7 青春版";"37"
"778";"华为";"Mate 8";"308"
"779";"华为";"Mate S";"86"
"780";"华为";"MediaPad 10 Link";"2"
"781";"华为";"MediaPad 10 Link+?";"1"
"782";"华为";"MediaPad M1";"2"
"783";"华为";"MediaPad M2-801W";"9"
"784";"华为";"MediaPad M2-803L";"14"
"785";"华为";"MT1-U06";"24"
"786";"华为";"MT2-C00";"22"
"787";"华为";"Nexus 6P";"3"
"788";"华为";"P8 Lite";"283"
"789";"华为";"P8max";"78"
"790";"华为";"P9";"3"
"791";"华为";"P9 Plus";"1"
"792";"华为";"S8-701u";"5"
"793";"华为";"S8-701w";"4"
"794";"华为";"T1-821w";"2"
"795";"华为";"T8620";"1"
"796";"华为";"U9508";"28"
"797";"华为";"X1 7.0";"56"
"798";"华为";"Y220T";"1"
"799";"华为";"Y300";"4"
"800";"华为";"Y320T";"1"
"801";"华为";"Y321C";"2"
"802";"华为";"Y325";"1"
"803";"华为";"Y330";"2"
"804";"华为";"Y500";"1"
"805";"华为";"Y511-T00";"22"
"806";"华为";"Y511-U00";"6"
"807";"华为";"Y516";"4"
"808";"华为";"Y518-T00";"5"
"809";"华为";"Y523-L176";"1"
"810";"华为";"Y535D";"1"
"811";"华为";"Y560-CL00";"10"
"812";"华为";"Y600-U00";"3"
"813";"华为";"Y610-U00";"1"
"814";"华为";"Y618-T00";"1"
"815";"华为";"Y635";"21"
"816";"华为";"Y635-TL00";"13"
"817";"原点";"Yuandian II";"1"
"818";"台电";"X80HD";"2"
"819";"台电";"X98 Air 3G";"1"
"820";"唯米";"P8";"2"
"821";"唯米";"P9";"5"
"822";"唯比";"X5";"1"
"823";"嘉源";"A3";"1"
"824";"基伍";"A800";"3"
"825";"基伍";"BM002-G5";"1"
"826";"夏新";"L855";"4"
"827";"夏新";"N821";"2"
"828";"夏新";"N828";"3"
"829";"大Q";"雷霆战机";"3"
"830";"大可乐";"MC002";"4"
"831";"大显";"7i";"1"
"832";"天语";"L810";"2"
"833";"天语";"L820";"10"
"834";"天语";"L920";"2"
"835";"天语";"L930i";"2"
"836";"天语";"t789";"1"
"837";"天语";"T85+";"1"
"838";"天语";"Touch 2";"11"
"839";"天语";"Touch 2C";"2"
"840";"天语";"Touch 3";"24"
"841";"天语";"Touch 3c";"3"
"842";"天语";"Touch V";"2"
"843";"天语";"V9";"1"
"844";"天语";"小黄蜂2";"1"
"845";"天宏时代";"CYM1";"1"
"846";"奇酷";"青春版";"170"
"847";"奇酷";"F4";"1"
"848";"奇酷";"旗舰版";"51"
"849";"奥克斯";"i6L";"1"
"850";"富可视";"M2";"5"
"851";"富可视";"M210";"1"
"852";"富可视";"M310";"4"
"853";"富可视";"M512";"1"
"854";"富可视";"M535";"1"
"855";"富可视";"M560";"1"
"856";"小米";"红米";"322"
"857";"小米";"红米1S";"640"
"858";"小米";"红米2";"833"
"859";"小米";"红米2A";"724"
"860";"小米";"红米3";"82"
"861";"小米";"红米note";"2443"
"862";"小米";"红米Note2";"1136"
"863";"小米";"红米Note3";"518"
"864";"小米";"红米note增强版";"413"
"865";"小米";"MI 1S";"59"
"866";"小米";"MI 2";"230"
"867";"小米";"MI 2A";"151"
"868";"小米";"MI 2C";"23"
"869";"小米";"MI 2S";"995"
"870";"小米";"MI 3";"1372"
"871";"小米";"MI 4";"2232"
"872";"小米";"MI 4S";"10"
"873";"小米";"MI 5";"35"
"874";"小米";"MI One C1";"4"
"875";"小米";"MI One Plus";"21"
"876";"小米";"MI pad";"38"
"877";"小米";"MI pad 2";"5"
"878";"小米";"note顶配版";"303"
"879";"小米";"小米4C";"523"
"880";"小米";"小米note";"818"
"881";"小杨树";"MM1103";"1"
"882";"尼比鲁";"火星一号";"12"
"883";"尼比鲁";"火星一号探索版";"4"
"884";"尼比鲁";"土星一号";"1"
"885";"尼比鲁";"木星一号";"1"
"886";"帷幄";"X5";"1"
"887";"广信";"S5Q";"1"
"888";"康佳";"D557";"3"
"889";"康佳";"L823";"1"
"890";"康佳";"R1";"2"
"891";"康佳";"R2";"1"
"892";"康佳";"V981";"2"
"893";"康佳";"V987";"1"
"894";"德赛";"魔镜 X5";"1"
"895";"德卡诺";"L6";"1"
"896";"惠普";"Compaq 7";"1"
"897";"戴尔";"Venue 8 3830";"1"
"898";"摩托罗拉";"DROID RAZR M";"1"
"899";"摩托罗拉";"Droid Ultra";"1"
"900";"摩托罗拉";"Moto G";"7"
"901";"摩托罗拉";"Moto Turbo";"1"
"902";"摩托罗拉";"Moto X";"18"
"903";"摩托罗拉";"Moto X 3";"3"
"904";"摩托罗拉";"Moto X Pro";"6"
"905";"摩托罗拉";"Moto X Style";"4"
"906";"摩托罗拉";"Moto X极";"1"
"907";"摩托罗拉";"XT1033";"1"
"908";"摩托罗拉";"XT1060";"3"
"909";"摩托罗拉";"XT928";"2"
"910";"斐讯";"C630Lw";"2"
"911";"斐讯";"C730Lw";"4"
"912";"昂达";"V919";"2"
"913";"昂达";"V975m Core4";"1"
"914";"昂达";"V975s Core4";"1"
"915";"易派";"A3";"1"
"916";"本为";"V5";"1"
"917";"朵唯";"D330";"3"
"918";"朵唯";"D350";"2"
"919";"朵唯";"D800";"2"
"920";"朵唯";"iSuper S1";"4"
"921";"朵唯";"iSuper S2";"2"
"922";"朵唯";"L1";"3"
"923";"朵唯";"L1 mini";"5"
"924";"朵唯";"L5 mini";"2"
"925";"朵唯";"L5 Plus";"2"
"926";"朵唯";"L5Pro";"2"
"927";"朵唯";"S2L";"2"
"928";"朵唯";"S2y";"7"
"929";"朵唯";"S3";"3"
"930";"朵唯";"T20";"1"
"931";"朵唯";"T20L";"2"
"932";"朵唯";"T21";"1"
"933";"朵唯";"T35";"3"
"934";"朵唯";"T60";"2"
"935";"朵唯";"T90";"1"
"936";"朵唯";"倾城L3";"7"
"937";"朵唯";"倾城L3C";"3"
"938";"极米";"Z3D 梦想板";"1"
"939";"果米";"A7";"3"
"940";"果米";"M6";"1"
"941";"梦米";"P6";"4"
"942";"欧博信";"IVO 6600";"1"
"943";"欧博信";"IVO 6655";"1"
"944";"欧博信";"Q3C";"3"
"945";"欧奇";"G10";"1"
"946";"欧奇";"G5";"1"
"947";"欧奇";"OKA31";"1"
"948";"欧新";"V70";"1"
"949";"欧比";"V10";"4"
"950";"欧沃";"Q7";"3"
"951";"欧乐迪";"Z1988";"2"
"952";"沃普丰";"S2";"5"
"953";"波导";"Doeasy E700";"2"
"954";"波导";"L100";"1"
"955";"波导";"L108";"1"
"956";"波导";"LT01";"1"
"957";"波导";"LT02";"2"
"958";"海尔";"HT-I860";"6"
"959";"海信";"D2-M";"5"
"960";"海信";"E50-T";"2"
"961";"海信";"E600M";"2"
"962";"海信";"E601M";"1"
"963";"海信";"E602M";"1"
"964";"海信";"E602T";"3"
"965";"海信";"E613M";"4"
"966";"海信";"E620M";"2"
"967";"海信";"E621T";"2"
"968";"海信";"E70-T";"6"
"969";"海信";"EG936D";"1"
"970";"海信";"EG970";"3"
"971";"海信";"EG971";"1"
"972";"海信";"EG978";"4"
"973";"海信";"EG980";"1"
"974";"海信";"金刚II";"1"
"975";"海信";"G610M";"2"
"976";"海信";"HS-U978";"2"
"977";"海信";"I630T";"3"
"978";"海信";"I635T";"3"
"979";"海信";"I639T";"1"
"980";"海信";"M10-M";"1"
"981";"海信";"M20-M";"3"
"982";"海信";"M20-T";"9"
"983";"海信";"T928";"1"
"984";"海信";"T929";"1"
"985";"海信";"T967";"1"
"986";"海信";"U939";"1"
"987";"海信";"U966";"1"
"988";"海信";"U980";"1"
"989";"海信";"VIDAA_TV";"1"
"990";"海信";"X68T";"3"
"991";"海信";"X8T";"7"
"992";"海信";"小章鱼";"4"
"993";"一加";"One";"129"
"994";"一加";"Two";"38"
"995";"一加";"X";"19"
"996";"三星";"2016版 Galaxy A5";"22"
"997";"三星";"2016版 Galaxy A7";"38"
"998";"三星";"2016版 Galaxy A9";"50"
"999";"三星";"2016版 Galaxy J7";"1"
"1000";"三星";"B9388";"6"
"1001";"三星";"领世旗舰3";"6"
"1002";"三星";"G3588V";"10"
"1003";"三星";"G3609";"10"
"1004";"三星";"G3818";"34"
"1005";"三星";"G3819D";"3"
"1006";"三星";"G7200";"70"
"1007";"三星";"Galaxy A3";"25"
"1008";"三星";"Galaxy A5";"236"
"1009";"三星";"Galaxy A7";"298"
"1010";"三星";"Galaxy A8";"155"
"1011";"三星";"Galaxy Ace";"2"
"1012";"三星";"Galaxy Ace 2";"2"
"1013";"三星";"Galaxy Ace 3";"11"
"1014";"三星";"Galaxy Ace 4";"2"
"1015";"三星";"Galaxy Alpha";"6"
"1016";"三星";"Galaxy Core";"1"
"1017";"三星";"Galaxy Core 2";"5"
"1018";"三星";"Galaxy Core 4G";"11"
"1019";"三星";"Galaxy Core Lite";"7"
"1020";"三星";"Galaxy Core Max";"57"
"1021";"三星";"Galaxy Core Mini";"9"
"1022";"三星";"Galaxy Core Plus";"1"
"1023";"三星";"Galaxy Core Prime";"12"
"1024";"三星";"Galaxy E7";"45"
"1025";"三星";"Galaxy Fame";"1"
"1026";"三星";"Galaxy Gio";"1"
"1027";"三星";"Galaxy Golden";"2"
"1028";"三星";"Galaxy Grand";"34"
"1029";"三星";"Galaxy Grand 2";"264"
"1030";"三星";"Galaxy Grand 2 LTE";"3"
"1031";"三星";"Galaxy Grand DUOS";"56"
"1032";"三星";"Galaxy Grand Neo Plus";"27"
"1033";"三星";"Galaxy Grand Prime";"136"
"1034";"三星";"Galaxy Infinite";"2"
"1035";"三星";"Galaxy J";"8"
"1036";"三星";"Galaxy J3";"24"
"1037";"三星";"Galaxy J5";"77"
"1038";"三星";"Galaxy J7";"87"
"1039";"三星";"Galaxy K Zoom";"10"
"1040";"三星";"Galaxy Mega 2";"69"
"1041";"三星";"Galaxy Mega 5.8";"124"
"1042";"三星";"Galaxy Mega 6.3";"41"
"1043";"三星";"Galaxy Mega Plus";"65"
"1044";"三星";"Galaxy Mini";"1"
"1045";"三星";"Galaxy Nexus";"14"
"1046";"三星";"Galaxy Note";"40"
"1047";"三星";"Galaxy Note 10.1";"4"
"1048";"三星";"Galaxy Note 10.1 2014 Edition P601";"2"
"1049";"三星";"Galaxy Note 10.1 N8010";"1"
"1050";"三星";"Galaxy Note 2";"822"
"1051";"三星";"Galaxy Note 3";"1530"
"1052";"三星";"Galaxy Note 3 Lite";"87"
"1053";"三星";"Galaxy Note 4";"350"
"1054";"三星";"Galaxy Note 5";"78"
"1055";"三星";"Galaxy Note 8.0";"22"
"1056";"三星";"Galaxy Note Edge";"40"
"1057";"三星";"Galaxy On5";"34"
"1058";"三星";"Galaxy On7";"35"
"1059";"三星";"Galaxy Premier";"22"
"1060";"三星";"Galaxy S Advance";"3"
"1061";"三星";"Galaxy S2";"58"
"1062";"三星";"Galaxy S2 Epic 4G Touch";"1"
"1063";"三星";"Galaxy S2 HD LTE E120S";"12"
"1064";"三星";"Galaxy S2 Plus";"7"
"1065";"三星";"Galaxy S3";"286"
"1066";"三星";"Galaxy S3 Mini";"5"
"1067";"三星";"Galaxy S3 Neo+";"46"
"1068";"三星";"Galaxy S4";"848"
"1069";"三星";"Galaxy S4 Mini";"4"
"1070";"三星";"Galaxy S4 Zoom";"10"
"1071";"三星";"Galaxy S5";"614"
"1072";"三星";"Galaxy S5 Plus";"2"
"1073";"三星";"Galaxy S6";"228"
"1074";"三星";"Galaxy S6 Edge";"248"
"1075";"三星";"Galaxy S6 Edge+";"196"
"1076";"三星";"Galaxy S7";"4"
"1077";"三星";"Galaxy S7 Edge";"16"
"1078";"三星";"Galaxy Style DUOS";"12"
"1079";"三星";"Galaxy Tab 2 P3100";"3"
"1080";"三星";"Galaxy Tab 3 10.1";"6"
"1081";"三星";"Galaxy Tab 3 7.0";"9"
"1082";"三星";"Galaxy Tab 3 8.0";"16"
"1083";"三星";"Galaxy Tab 3 Lite T111";"1"
"1084";"三星";"Galaxy Tab 4 T231";"3"
"1085";"三星";"Galaxy Tab 4 T331C";"7"
"1086";"三星";"Galaxy Tab 4 T531";"1"
"1087";"三星";"Galaxy Tab P6800";"1"
"1088";"三星";"Galaxy Tab P7510";"1"
"1089";"三星";"Galaxy Tab Pro T321";"2"
"1090";"三星";"Galaxy Tab S T705";"2"
"1091";"三星";"Galaxy Tab S T705C";"13"
"1092";"三星";"Galaxy Tab S T800";"1"
"1093";"三星";"Galaxy Tab S T805C";"1"
"1094";"三星";"Galaxy Trend";"2"
"1095";"三星";"Galaxy Trend 2";"10"
"1096";"三星";"Galaxy Trend 3";"38"
"1097";"三星";"Galaxy Trend DUOS";"10"
"1098";"三星";"Galaxy Trend DUOS 2";"11"
"1099";"三星";"Galaxy W";"1"
"1100";"三星";"Galaxy Win";"87"
"1101";"三星";"Galaxy Win Pro";"20"
"1102";"三星";"I699I";"1"
"1103";"三星";"I8268";"18"
"1104";"三星";"I9050";"2"
"1105";"三星";"I9118";"2"
"1106";"三星";"N910C";"3"
"1107";"三星";"N910U";"2"
"1108";"三星";"S5830I";"6"
"1109";"三星";"S7566";"2"
"1110";"三星";"S7568";"11"
"1111";"三星";"S7568I";"5"
"1112";"三星";"S7898";"9"
"1113";"三星";"SCH-I939";"4"
"1114";"三星";"SHV-E210L";"9"
"1115";"三星";"SM-T2556";"1"
"1116";"三星";"SM-T2558";"2"
"1117";"三星";"W2013";"11"
"1118";"三星";"W2014";"22"
"1119";"三星";"W2015";"19"
"1120";"三星";"W789";"1"
"1121";"三星";"大器3";"2"
"1122";"三星";"三星big foot";"27"
"1123";"世纪天元";"F8909";"1"
"1124";"中兴";"9180";"25"
"1125";"中兴";"A880";"11"
"1126";"中兴";"AxonMini";"10"
"1127";"中兴";"Axon天机";"13"
"1128";"中兴";"Axon天机 Max";"3"
"1129";"中兴";"Blade A1";"10"
"1130";"中兴";"Blade S6";"7"
"1131";"中兴";"Blade S6 Lux";"7"
"1132";"中兴";"红牛V5";"24"
"1133";"中兴";"DM";"1"
"1134";"中兴";"醉享";"1"
"1135";"中兴";"青漾3";"9"
"1136";"中兴";"远航3";"3"
"1137";"中兴";"G717C";"8"
"1138";"中兴";"G718C";"20"
"1139";"中兴";"Grand Memo";"2"
"1140";"中兴";"Grand Memo 2";"13"
"1141";"中兴";"Grand S 2";"26"
"1142";"中兴";"Grand X";"1"
"1143";"中兴";"Grand X Quad";"4"
"1144";"中兴";"memo 5S";"3"
"1145";"中兴";"N880F";"1"
"1146";"中兴";"N881F";"1"
"1147";"中兴";"N909";"2"
"1148";"中兴";"N919";"1"
"1149";"中兴";"Q201T";"1"
"1150";"中兴";"Q301C";"1"
"1151";"中兴";"Q302C";"3"
"1152";"中兴";"Q501T";"1"
"1153";"中兴";"Q501U";"1"
"1154";"中兴";"Q503U";"2"
"1155";"中兴";"Q505T";"15"
"1156";"中兴";"Q507T";"3"
"1157";"中兴";"Q519T";"3"
"1158";"中兴";"Q7";"8"
"1159";"中兴";"Q701C";"2"
"1160";"中兴";"Q705U";"4"
"1161";"中兴";"Q801L";"3"
"1162";"中兴";"Q802T";"11"
"1163";"中兴";"U793";"1"
"1164";"中兴";"U795+";"2"
"1165";"中兴";"U807";"1"
"1166";"中兴";"U808";"1"
"1167";"中兴";"U809";"1"
"1168";"中兴";"U817";"5"
"1169";"中兴";"U818";"1"
"1170";"中兴";"U879";"3"
"1171";"中兴";"U880E";"1"
"1172";"中兴";"U880F1";"1"
"1173";"中兴";"U930HD";"4"
"1174";"中兴";"U950";"4"
"1175";"中兴";"U956";"1"
"1176";"中兴";"U960E";"6"
"1177";"中兴";"U969";"1"
"1178";"中兴";"V5 Max";"40"
"1179";"中兴";"V5S";"27"
"1180";"中兴";"V788D";"1"
"1181";"中兴";"V889M";"1"
"1182";"中兴";"V955";"1"
"1183";"中兴";"V967S";"6"
"1184";"中兴";"天机3";"1"
"1185";"中兴";"威武3";"11"
"1186";"中兴";"小鲜2";"9"
"1187";"中兴";"小鲜3";"3"
"1188";"中兴";"小星星";"4"
"1189";"中兴";"星星1号";"14"
"1190";"中兴";"星星2号";"11"
"1191";"中兴";"中兴远航3";"3"
"1192";"中国移动";"A1";"83"
"1193";"中国移动";"M601";"2"
"1194";"中国移动";"M811";"20"
"1195";"中国移动";"M812C";"39"
"1196";"中国移动";"N1";"53"
"1197";"中国移动";"N1 max";"10"
"1198";"丰米";"P8";"1"
"1199";"乐视";"超级手机1";"310"
"1200";"乐视";"超级手机1 Pro";"184"
"1201";"乐视";"超级手机1s";"579"
"1202";"乐视";"超级手机Max";"69"
"1203";"乡米";"X6088";"1"
"1204";"乡米";"X6666";"1"
"1205";"亚马逊";"Kindle Fire HDX 7.0";"1"
"1206";"亿通";"I95";"3"
"1207";"亿通";"P2";"6"
"1208";"亿通";"P21";"1"
"1209";"亿通";"P3";"1"
"1210";"亿通";"P305";"2"
"1211";"亿通";"T3";"1"
"1212";"优米";"3";"7"
"1213";"优米";"R1";"6"
"1214";"优米";"UIMI3";"4"
"1215";"优米";"UIMI4";"7"
"1216";"优语";"KDOOR X5-Y12";"1"
"1217";"优购";":UOOGOUT1";"9"
